table_schema,table_name,column_name,data_type,character_maximum_length,is_nullable,column_default,udt_name
krai_agent,memory,id,uuid,null,NO,uuid_generate_v4(),uuid
krai_agent,memory,session_id,character varying,255,NO,null,varchar
krai_agent,memory,role,character varying,50,NO,'technician'::character varying,varchar
krai_agent,memory,content,text,null,NO,null,text
krai_agent,memory,metadata,jsonb,null,NO,'{}'::jsonb,jsonb
krai_agent,memory,tokens_used,integer,null,NO,0,int4
krai_agent,memory,created_at,timestamp with time zone,null,YES,now(),timestamptz
krai_agent,memory,updated_at,timestamp with time zone,null,YES,now(),timestamptz
krai_agent,memory,message,text,null,NO,''::text,text
krai_agent,message,id,integer,null,NO,nextval('krai_agent.message_id_seq'::regclass),int4
krai_agent,message,session_id,character varying,255,NO,null,varchar
krai_agent,message,message,jsonb,null,NO,null,jsonb
krai_config,competition_analysis,id,uuid,null,NO,uuid_generate_v4(),uuid
krai_config,competition_analysis,our_product_id,uuid,null,NO,null,uuid
krai_config,competition_analysis,competitor_manufacturer_id,uuid,null,NO,null,uuid
krai_config,competition_analysis,competitor_model_name,character varying,200,YES,null,varchar
krai_config,competition_analysis,comparison_category,character varying,100,YES,null,varchar
krai_config,competition_analysis,our_advantage,text,null,YES,null,text
krai_config,competition_analysis,competitor_advantage,text,null,YES,null,text
krai_config,competition_analysis,feature_comparison,jsonb,null,YES,'{}'::jsonb,jsonb
krai_config,competition_analysis,price_comparison,jsonb,null,YES,'{}'::jsonb,jsonb
krai_config,competition_analysis,market_position,character varying,50,YES,null,varchar
krai_config,competition_analysis,created_at,timestamp with time zone,null,YES,now(),timestamptz
krai_config,option_groups,id,uuid,null,NO,uuid_generate_v4(),uuid
krai_config,option_groups,manufacturer_id,uuid,null,NO,null,uuid
krai_config,option_groups,group_name,character varying,100,NO,null,varchar
krai_config,option_groups,group_description,text,null,YES,null,text
krai_config,option_groups,display_order,integer,null,YES,0,int4
krai_config,option_groups,is_required,boolean,null,YES,false,bool
krai_config,option_groups,created_at,timestamp with time zone,null,YES,now(),timestamptz
krai_config,product_compatibility,id,uuid,null,NO,uuid_generate_v4(),uuid
krai_config,product_compatibility,base_product_id,uuid,null,NO,null,uuid
krai_config,product_compatibility,option_product_id,uuid,null,NO,null,uuid
krai_config,product_compatibility,compatibility_type,character varying,50,YES,'compatible'::character varying,varchar
krai_config,product_compatibility,compatibility_notes,text,null,YES,null,text
krai_config,product_compatibility,validated_date,date,null,YES,null,date
krai_config,product_compatibility,validation_status,character varying,20,YES,'pending'::character varying,varchar
krai_config,product_compatibility,created_at,timestamp with time zone,null,YES,now(),timestamptz
krai_config,product_features,id,uuid,null,NO,uuid_generate_v4(),uuid
krai_config,product_features,product_id,uuid,null,NO,null,uuid
krai_config,product_features,feature_id,uuid,null,NO,null,uuid
krai_config,product_features,feature_value,text,null,YES,null,text
krai_config,product_features,is_standard,boolean,null,YES,true,bool
krai_config,product_features,additional_cost_usd,numeric,null,YES,0.00,numeric
krai_config,product_features,created_at,timestamp with time zone,null,YES,now(),timestamptz
krai_content,images,id,uuid,null,NO,uuid_generate_v4(),uuid
krai_content,images,document_id,uuid,null,YES,null,uuid
krai_content,images,chunk_id,uuid,null,YES,null,uuid
krai_content,images,filename,character varying,255,YES,null,varchar
krai_content,images,original_filename,character varying,255,YES,null,varchar
krai_content,images,storage_path,text,null,YES,null,text
krai_content,images,storage_url,text,null,NO,null,text
krai_content,images,file_size,integer,null,YES,null,int4
krai_content,images,image_format,character varying,10,YES,null,varchar
krai_content,images,width_px,integer,null,YES,null,int4
krai_content,images,height_px,integer,null,YES,null,int4
krai_content,images,page_number,integer,null,YES,null,int4
krai_content,images,image_index,integer,null,YES,null,int4
krai_content,images,image_type,character varying,50,YES,null,varchar
krai_content,images,ai_description,text,null,YES,null,text
krai_content,images,ai_confidence,numeric,null,YES,null,numeric
krai_content,images,contains_text,boolean,null,YES,false,bool
krai_content,images,ocr_text,text,null,YES,null,text
krai_content,images,ocr_confidence,numeric,null,YES,null,numeric
krai_content,images,manual_description,text,null,YES,null,text
krai_content,images,tags,ARRAY,null,YES,null,_text
krai_content,images,file_hash,character varying,64,YES,null,varchar
krai_content,images,created_at,timestamp with time zone,null,YES,now(),timestamptz
krai_content,images,updated_at,timestamp with time zone,null,YES,now(),timestamptz
krai_content,images,figure_number,character varying,50,YES,null,varchar
krai_content,images,figure_context,text,null,YES,null,text
krai_content,links,id,uuid,null,NO,uuid_generate_v4(),uuid
krai_content,links,document_id,uuid,null,NO,null,uuid
krai_content,links,url,text,null,NO,null,text
krai_content,links,link_type,character varying,50,NO,'external'::character varying,varchar
krai_content,links,page_number,integer,null,NO,null,int4
krai_content,links,description,text,null,YES,null,text
krai_content,links,position_data,jsonb,null,YES,null,jsonb
krai_content,links,is_active,boolean,null,YES,true,bool
krai_content,links,created_at,timestamp with time zone,null,YES,now(),timestamptz
krai_content,links,updated_at,timestamp with time zone,null,YES,now(),timestamptz
krai_content,links,video_id,uuid,null,YES,null,uuid
krai_content,links,metadata,jsonb,null,YES,'{}'::jsonb,jsonb
krai_content,links,link_category,character varying,50,YES,null,varchar
krai_content,links,confidence_score,numeric,null,YES,0.0,numeric
krai_content,links,manufacturer_id,uuid,null,YES,null,uuid
krai_content,links,series_id,uuid,null,YES,null,uuid
krai_content,links,related_error_codes,ARRAY,null,YES,null,_text
krai_content,print_defects,id,uuid,null,NO,uuid_generate_v4(),uuid
krai_content,print_defects,manufacturer_id,uuid,null,NO,null,uuid
krai_content,print_defects,product_id,uuid,null,YES,null,uuid
krai_content,print_defects,original_image_id,uuid,null,YES,null,uuid
krai_content,print_defects,defect_name,character varying,100,NO,null,varchar
krai_content,print_defects,defect_category,character varying,50,YES,null,varchar
krai_content,print_defects,defect_description,text,null,YES,null,text
krai_content,print_defects,example_image_url,text,null,YES,null,text
krai_content,print_defects,annotated_image_url,text,null,YES,null,text
krai_content,print_defects,detection_confidence,numeric,null,YES,null,numeric
krai_content,print_defects,common_causes,jsonb,null,YES,'[]'::jsonb,jsonb
krai_content,print_defects,recommended_solutions,jsonb,null,YES,'[]'::jsonb,jsonb
krai_content,print_defects,related_error_codes,ARRAY,null,YES,null,_text
krai_content,print_defects,created_at,timestamp with time zone,null,YES,now(),timestamptz
krai_content,video_products,id,uuid,null,NO,uuid_generate_v4(),uuid
krai_content,video_products,video_id,uuid,null,NO,null,uuid
krai_content,video_products,product_id,uuid,null,NO,null,uuid
krai_content,video_products,created_at,timestamp with time zone,null,YES,now(),timestamptz
krai_content,videos,id,uuid,null,NO,uuid_generate_v4(),uuid
krai_content,videos,link_id,uuid,null,YES,null,uuid
krai_content,videos,youtube_id,character varying,20,YES,null,varchar
krai_content,videos,platform,character varying,20,YES,null,varchar
krai_content,videos,video_url,text,null,YES,null,text
krai_content,videos,title,character varying,500,NO,null,varchar
krai_content,videos,description,text,null,YES,null,text
krai_content,videos,thumbnail_url,text,null,YES,null,text
krai_content,videos,duration,integer,null,YES,null,int4
krai_content,videos,view_count,bigint,null,YES,null,int8
krai_content,videos,like_count,integer,null,YES,null,int4
krai_content,videos,comment_count,integer,null,YES,null,int4
krai_content,videos,channel_id,character varying,50,YES,null,varchar
krai_content,videos,channel_title,character varying,200,YES,null,varchar
krai_content,videos,published_at,timestamp with time zone,null,YES,null,timestamptz
krai_content,videos,manufacturer_id,uuid,null,YES,null,uuid
krai_content,videos,series_id,uuid,null,YES,null,uuid
krai_content,videos,document_id,uuid,null,YES,null,uuid
krai_content,videos,metadata,jsonb,null,YES,null,jsonb
krai_content,videos,created_at,timestamp with time zone,null,YES,now(),timestamptz
krai_content,videos,updated_at,timestamp with time zone,null,YES,now(),timestamptz
krai_content,videos,enriched_at,timestamp with time zone,null,YES,now(),timestamptz
krai_core,document_products,id,uuid,null,NO,uuid_generate_v4(),uuid
krai_core,document_products,document_id,uuid,null,NO,null,uuid
krai_core,document_products,product_id,uuid,null,NO,null,uuid
krai_core,document_products,is_primary_product,boolean,null,YES,false,bool
krai_core,document_products,confidence_score,numeric,null,YES,0.80,numeric
krai_core,document_products,extraction_method,character varying,50,YES,null,varchar
krai_core,document_products,page_numbers,ARRAY,null,YES,null,_int4
krai_core,document_products,created_at,timestamp with time zone,null,YES,now(),timestamptz
krai_core,document_products,updated_at,timestamp with time zone,null,YES,now(),timestamptz
krai_core,document_relationships,id,uuid,null,NO,uuid_generate_v4(),uuid
krai_core,document_relationships,primary_document_id,uuid,null,NO,null,uuid
krai_core,document_relationships,secondary_document_id,uuid,null,NO,null,uuid
krai_core,document_relationships,relationship_type,character varying,50,NO,null,varchar
krai_core,document_relationships,relationship_strength,numeric,null,YES,0.5,numeric
krai_core,document_relationships,auto_discovered,boolean,null,YES,true,bool
krai_core,document_relationships,manual_verification,boolean,null,YES,false,bool
krai_core,document_relationships,verification_date,timestamp with time zone,null,YES,null,timestamptz
krai_core,document_relationships,verified_by,character varying,100,YES,null,varchar
krai_core,document_relationships,notes,text,null,YES,null,text
krai_core,document_relationships,created_at,timestamp with time zone,null,YES,now(),timestamptz
krai_core,documents,id,uuid,null,NO,uuid_generate_v4(),uuid
krai_core,documents,filename,character varying,255,NO,null,varchar
krai_core,documents,original_filename,character varying,255,YES,null,varchar
krai_core,documents,file_size,bigint,null,YES,null,int8
krai_core,documents,file_hash,character varying,64,YES,null,varchar
krai_core,documents,storage_path,text,null,YES,null,text
krai_core,documents,document_type,character varying,100,YES,null,varchar
krai_core,documents,language,character varying,10,YES,'en'::character varying,varchar
krai_core,documents,version,character varying,50,YES,null,varchar
krai_core,documents,publish_date,date,null,YES,null,date
krai_core,documents,page_count,integer,null,YES,null,int4
krai_core,documents,word_count,integer,null,YES,null,int4
krai_core,documents,character_count,integer,null,YES,null,int4
krai_core,documents,content_text,text,null,YES,null,text
krai_core,documents,content_summary,text,null,YES,null,text
krai_core,documents,extracted_metadata,jsonb,null,YES,'{}'::jsonb,jsonb
krai_core,documents,processing_status,character varying,50,YES,'pending'::character varying,varchar
krai_core,documents,processing_results,jsonb,null,YES,null,jsonb
krai_core,documents,processing_error,text,null,YES,null,text
krai_core,documents,stage_status,jsonb,null,YES,'{}'::jsonb,jsonb
krai_core,documents,confidence_score,numeric,null,YES,null,numeric
krai_core,documents,ocr_confidence,numeric,null,YES,null,numeric
krai_core,documents,manual_review_required,boolean,null,YES,false,bool
krai_core,documents,manual_review_completed,boolean,null,YES,false,bool
krai_core,documents,manual_review_notes,text,null,YES,null,text
krai_core,documents,manufacturer,character varying,100,YES,null,varchar
krai_core,documents,series,character varying,100,YES,null,varchar
krai_core,documents,models,ARRAY,null,YES,null,_text
krai_core,documents,created_at,timestamp with time zone,null,YES,now(),timestamptz
krai_core,documents,updated_at,timestamp with time zone,null,YES,now(),timestamptz
krai_core,documents,priority_level,integer,null,YES,5,int4
krai_core,documents,manufacturer_id,uuid,null,YES,null,uuid
krai_core,manufacturers,id,uuid,null,NO,uuid_generate_v4(),uuid
krai_core,manufacturers,name,character varying,100,NO,null,varchar
krai_core,manufacturers,short_name,character varying,10,YES,null,varchar
krai_core,manufacturers,country,character varying,50,YES,null,varchar
krai_core,manufacturers,founded_year,integer,null,YES,null,int4
krai_core,manufacturers,website,character varying,255,YES,null,varchar
krai_core,manufacturers,support_email,character varying,255,YES,null,varchar
krai_core,manufacturers,support_phone,character varying,50,YES,null,varchar
krai_core,manufacturers,logo_url,text,null,YES,null,text
krai_core,manufacturers,is_competitor,boolean,null,YES,false,bool
krai_core,manufacturers,market_share_percent,numeric,null,YES,null,numeric
krai_core,manufacturers,annual_revenue_usd,bigint,null,YES,null,int8
krai_core,manufacturers,employee_count,integer,null,YES,null,int4
krai_core,manufacturers,headquarters_address,text,null,YES,null,text
krai_core,manufacturers,stock_symbol,character varying,10,YES,null,varchar
krai_core,manufacturers,primary_business_segment,character varying,100,YES,null,varchar
krai_core,manufacturers,created_at,timestamp with time zone,null,YES,now(),timestamptz
krai_core,manufacturers,updated_at,timestamp with time zone,null,YES,now(),timestamptz
krai_core,oem_relationships,id,uuid,null,NO,uuid_generate_v4(),uuid
krai_core,oem_relationships,brand_manufacturer,character varying,100,NO,null,varchar
krai_core,oem_relationships,brand_series_pattern,character varying,200,NO,null,varchar
krai_core,oem_relationships,oem_manufacturer,character varying,100,NO,null,varchar
krai_core,oem_relationships,relationship_type,character varying,50,YES,'engine'::character varying,varchar
krai_core,oem_relationships,applies_to,ARRAY,null,YES,"ARRAY['error_codes'::text, 'parts'::text]",_text
krai_core,oem_relationships,notes,text,null,YES,null,text
krai_core,oem_relationships,confidence,double precision,null,YES,1.0,float8
krai_core,oem_relationships,source,character varying,100,YES,'manual'::character varying,varchar
krai_core,oem_relationships,verified,boolean,null,YES,false,bool
krai_core,oem_relationships,created_at,timestamp with time zone,null,YES,now(),timestamptz
krai_core,oem_relationships,updated_at,timestamp with time zone,null,YES,now(),timestamptz
krai_core,product_accessories,id,uuid,null,NO,uuid_generate_v4(),uuid
krai_core,product_accessories,product_id,uuid,null,NO,null,uuid
krai_core,product_accessories,accessory_id,uuid,null,NO,null,uuid
krai_core,product_accessories,compatibility_type,character varying,50,NO,null,varchar
krai_core,product_accessories,installation_required,boolean,null,YES,false,bool
krai_core,product_accessories,quantity_min,integer,null,YES,1,int4
krai_core,product_accessories,quantity_max,integer,null,YES,1,int4
krai_core,product_accessories,notes,text,null,YES,null,text
krai_core,product_accessories,created_at,timestamp with time zone,null,YES,now(),timestamptz
krai_core,product_accessories,priority,integer,null,YES,0,int4
krai_core,product_accessories,compatibility_notes,text,null,YES,null,text
krai_core,product_accessories,is_standard,boolean,null,YES,false,bool
krai_core,product_configurations,id,uuid,null,NO,uuid_generate_v4(),uuid
krai_core,product_configurations,configuration_name,character varying,200,YES,null,varchar
krai_core,product_configurations,base_product_id,uuid,null,NO,null,uuid
krai_core,product_configurations,accessories,jsonb,null,YES,'[]'::jsonb,jsonb
krai_core,product_configurations,is_valid,boolean,null,YES,true,bool
krai_core,product_configurations,validation_errors,jsonb,null,YES,'[]'::jsonb,jsonb
krai_core,product_configurations,created_at,timestamp with time zone,null,YES,now(),timestamptz
krai_core,product_configurations,updated_at,timestamp with time zone,null,YES,now(),timestamptz
krai_core,product_configurations,created_by,character varying,100,YES,null,varchar
krai_core,product_series,id,uuid,null,NO,uuid_generate_v4(),uuid
krai_core,product_series,manufacturer_id,uuid,null,NO,null,uuid
krai_core,product_series,series_name,character varying,100,NO,null,varchar
krai_core,product_series,series_code,character varying,50,YES,null,varchar
krai_core,product_series,launch_date,date,null,YES,null,date
krai_core,product_series,end_of_life_date,date,null,YES,null,date
krai_core,product_series,target_market,character varying,100,YES,null,varchar
krai_core,product_series,price_range,character varying,50,YES,null,varchar
krai_core,product_series,key_features,jsonb,null,YES,'{}'::jsonb,jsonb
krai_core,product_series,series_description,text,null,YES,null,text
krai_core,product_series,marketing_name,character varying,150,YES,null,varchar
krai_core,product_series,successor_series_id,uuid,null,YES,null,uuid
krai_core,product_series,created_at,timestamp with time zone,null,YES,now(),timestamptz
krai_core,product_series,updated_at,timestamp with time zone,null,YES,now(),timestamptz
krai_core,product_series,model_pattern,text,null,YES,null,text
krai_core,products,id,uuid,null,NO,uuid_generate_v4(),uuid
krai_core,products,manufacturer_id,uuid,null,YES,null,uuid
krai_core,products,series_id,uuid,null,YES,null,uuid
krai_core,products,model_number,character varying,100,NO,null,varchar
krai_core,products,product_type,character varying,50,NO,'printer'::character varying,varchar
krai_core,products,created_at,timestamp with time zone,null,YES,now(),timestamptz
krai_core,products,updated_at,timestamp with time zone,null,YES,now(),timestamptz
krai_core,products,specifications,jsonb,null,YES,'{}'::jsonb,jsonb
krai_core,products,pricing,jsonb,null,YES,'{}'::jsonb,jsonb
krai_core,products,lifecycle,jsonb,null,YES,'{}'::jsonb,jsonb
krai_core,products,urls,jsonb,null,YES,'{}'::jsonb,jsonb
krai_core,products,metadata,jsonb,null,YES,'{}'::jsonb,jsonb
krai_core,products,oem_manufacturer,character varying,100,YES,null,varchar
krai_core,products,oem_relationship_type,character varying,50,YES,null,varchar
krai_core,products,oem_notes,text,null,YES,null,text
krai_core,products_backup,id,uuid,null,YES,null,uuid
krai_core,products_backup,parent_id,uuid,null,YES,null,uuid
krai_core,products_backup,manufacturer_id,uuid,null,YES,null,uuid
krai_core,products_backup,series_id,uuid,null,YES,null,uuid
krai_core,products_backup,model_number,character varying,100,YES,null,varchar
krai_core,products_backup,model_name,character varying,200,YES,null,varchar
krai_core,products_backup,product_type,character varying,50,YES,null,varchar
krai_core,products_backup,launch_date,date,null,YES,null,date
krai_core,products_backup,end_of_life_date,date,null,YES,null,date
krai_core,products_backup,msrp_usd,numeric,null,YES,null,numeric
krai_core,products_backup,weight_kg,numeric,null,YES,null,numeric
krai_core,products_backup,dimensions_mm,jsonb,null,YES,null,jsonb
krai_core,products_backup,color_options,ARRAY,null,YES,null,_text
krai_core,products_backup,connectivity_options,ARRAY,null,YES,null,_text
krai_core,products_backup,print_technology,character varying,50,YES,null,varchar
krai_core,products_backup,max_print_speed_ppm,integer,null,YES,null,int4
krai_core,products_backup,max_resolution_dpi,integer,null,YES,null,int4
krai_core,products_backup,max_paper_size,character varying,20,YES,null,varchar
krai_core,products_backup,duplex_capable,boolean,null,YES,null,bool
krai_core,products_backup,network_capable,boolean,null,YES,null,bool
krai_core,products_backup,mobile_print_support,boolean,null,YES,null,bool
krai_core,products_backup,supported_languages,ARRAY,null,YES,null,_text
krai_core,products_backup,energy_star_certified,boolean,null,YES,null,bool
krai_core,products_backup,warranty_months,integer,null,YES,null,int4
krai_core,products_backup,service_manual_url,text,null,YES,null,text
krai_core,products_backup,parts_catalog_url,text,null,YES,null,text
krai_core,products_backup,driver_download_url,text,null,YES,null,text
krai_core,products_backup,firmware_version,character varying,50,YES,null,varchar
krai_core,products_backup,option_dependencies,jsonb,null,YES,null,jsonb
krai_core,products_backup,replacement_parts,jsonb,null,YES,null,jsonb
krai_core,products_backup,common_issues,jsonb,null,YES,null,jsonb
krai_core,products_backup,created_at,timestamp with time zone,null,YES,null,timestamptz
krai_core,products_backup,updated_at,timestamp with time zone,null,YES,null,timestamptz
krai_core,products_with_names,id,uuid,null,YES,null,uuid
krai_core,products_with_names,manufacturer_id,uuid,null,YES,null,uuid
krai_core,products_with_names,series_id,uuid,null,YES,null,uuid
krai_core,products_with_names,model_number,character varying,100,YES,null,varchar
krai_core,products_with_names,product_type,character varying,50,YES,null,varchar
krai_core,products_with_names,created_at,timestamp with time zone,null,YES,null,timestamptz
krai_core,products_with_names,updated_at,timestamp with time zone,null,YES,null,timestamptz
krai_core,products_with_names,specifications,jsonb,null,YES,null,jsonb
krai_core,products_with_names,pricing,jsonb,null,YES,null,jsonb
krai_core,products_with_names,lifecycle,jsonb,null,YES,null,jsonb
krai_core,products_with_names,urls,jsonb,null,YES,null,jsonb
krai_core,products_with_names,metadata,jsonb,null,YES,null,jsonb
krai_core,products_with_names,manufacturer_name,character varying,100,YES,null,varchar
krai_core,products_with_names,series_name,character varying,100,YES,null,varchar
krai_core,public_products,id,uuid,null,YES,null,uuid
krai_core,public_products,manufacturer_id,uuid,null,YES,null,uuid
krai_core,public_products,series_id,uuid,null,YES,null,uuid
krai_core,public_products,model_number,character varying,100,YES,null,varchar
krai_core,public_products,product_type,character varying,50,YES,null,varchar
krai_core,public_products,created_at,timestamp with time zone,null,YES,null,timestamptz
krai_core,public_products,updated_at,timestamp with time zone,null,YES,null,timestamptz
krai_core,public_products,specifications,jsonb,null,YES,null,jsonb
krai_core,public_products,pricing,jsonb,null,YES,null,jsonb
krai_core,public_products,lifecycle,jsonb,null,YES,null,jsonb
krai_core,public_products,urls,jsonb,null,YES,null,jsonb
krai_core,public_products,metadata,jsonb,null,YES,null,jsonb
krai_core,public_products,manufacturer_name,character varying,100,YES,null,varchar
krai_core,public_products,series_name,character varying,100,YES,null,varchar
krai_integrations,api_keys,id,uuid,null,NO,uuid_generate_v4(),uuid
krai_integrations,api_keys,service_name,character varying,100,NO,null,varchar
krai_integrations,api_keys,api_key_encrypted,text,null,NO,null,text
krai_integrations,api_keys,is_active,boolean,null,YES,true,bool
krai_integrations,api_keys,created_at,timestamp with time zone,null,YES,now(),timestamptz
krai_integrations,webhook_logs,id,uuid,null,NO,uuid_generate_v4(),uuid
krai_integrations,webhook_logs,webhook_url,text,null,NO,null,text
krai_integrations,webhook_logs,request_payload,jsonb,null,YES,null,jsonb
krai_integrations,webhook_logs,response_status,integer,null,YES,null,int4
krai_integrations,webhook_logs,response_body,text,null,YES,null,text
krai_integrations,webhook_logs,processed_at,timestamp with time zone,null,YES,now(),timestamptz
krai_intelligence,agent_performance,date,date,null,YES,null,date
krai_intelligence,agent_performance,tool_name,text,null,YES,null,text
krai_intelligence,agent_performance,total_calls,bigint,null,YES,null,int8
krai_intelligence,agent_performance,successful_calls,bigint,null,YES,null,int8
krai_intelligence,agent_performance,failed_calls,bigint,null,YES,null,int8
krai_intelligence,agent_performance,avg_response_time_ms,numeric,null,YES,null,numeric
krai_intelligence,agent_performance,p95_response_time_ms,double precision,null,YES,null,float8
krai_intelligence,agent_performance,avg_results_count,numeric,null,YES,null,numeric
krai_intelligence,chunks,id,uuid,null,NO,uuid_generate_v4(),uuid
krai_intelligence,chunks,document_id,uuid,null,NO,null,uuid
krai_intelligence,chunks,text_chunk,text,null,NO,null,text
krai_intelligence,chunks,chunk_index,integer,null,NO,null,int4
krai_intelligence,chunks,page_start,integer,null,YES,null,int4
krai_intelligence,chunks,page_end,integer,null,YES,null,int4
krai_intelligence,chunks,processing_status,character varying,20,YES,'pending'::character varying,varchar
krai_intelligence,chunks,fingerprint,character varying,64,NO,null,varchar
krai_intelligence,chunks,metadata,jsonb,null,YES,'{}'::jsonb,jsonb
krai_intelligence,chunks,created_at,timestamp with time zone,null,YES,now(),timestamptz
krai_intelligence,chunks,updated_at,timestamp with time zone,null,YES,now(),timestamptz
krai_intelligence,chunks,embedding,USER-DEFINED,null,YES,null,vector
krai_intelligence,error_code_images,id,uuid,null,NO,gen_random_uuid(),uuid
krai_intelligence,error_code_images,error_code_id,uuid,null,NO,null,uuid
krai_intelligence,error_code_images,image_id,uuid,null,NO,null,uuid
krai_intelligence,error_code_images,match_method,text,null,YES,null,text
krai_intelligence,error_code_images,match_confidence,double precision,null,YES,0.5,float8
krai_intelligence,error_code_images,display_order,integer,null,YES,0,int4
krai_intelligence,error_code_images,created_at,timestamp with time zone,null,YES,now(),timestamptz
krai_intelligence,error_code_parts,error_code_id,uuid,null,NO,null,uuid
krai_intelligence,error_code_parts,part_id,uuid,null,NO,null,uuid
krai_intelligence,error_code_parts,relevance_score,double precision,null,YES,1.0,float8
krai_intelligence,error_code_parts,extraction_source,text,null,YES,null,text
krai_intelligence,error_code_parts,created_at,timestamp with time zone,null,YES,now(),timestamptz
krai_intelligence,error_codes,id,uuid,null,NO,uuid_generate_v4(),uuid
krai_intelligence,error_codes,chunk_id,uuid,null,YES,null,uuid
krai_intelligence,error_codes,document_id,uuid,null,YES,null,uuid
krai_intelligence,error_codes,manufacturer_id,uuid,null,YES,null,uuid
krai_intelligence,error_codes,error_code,character varying,20,NO,null,varchar
krai_intelligence,error_codes,error_description,text,null,YES,null,text
krai_intelligence,error_codes,solution_text,text,null,YES,null,text
krai_intelligence,error_codes,page_number,integer,null,YES,null,int4
krai_intelligence,error_codes,confidence_score,numeric,null,YES,null,numeric
krai_intelligence,error_codes,extraction_method,character varying,50,YES,null,varchar
krai_intelligence,error_codes,requires_technician,boolean,null,YES,false,bool
krai_intelligence,error_codes,requires_parts,boolean,null,YES,false,bool
krai_intelligence,error_codes,estimated_fix_time_minutes,integer,null,YES,null,int4
krai_intelligence,error_codes,severity_level,character varying,20,YES,null,varchar
krai_intelligence,error_codes,created_at,timestamp with time zone,null,YES,now(),timestamptz
krai_intelligence,error_codes,image_id,uuid,null,YES,null,uuid
krai_intelligence,error_codes,context_text,text,null,YES,null,text
krai_intelligence,error_codes,metadata,jsonb,null,YES,'{}'::jsonb,jsonb
krai_intelligence,error_codes,product_id,uuid,null,YES,null,uuid
krai_intelligence,error_codes,video_id,uuid,null,YES,null,uuid
krai_intelligence,feedback,id,uuid,null,NO,uuid_generate_v4(),uuid
krai_intelligence,feedback,session_id,text,null,NO,null,text
krai_intelligence,feedback,message_id,text,null,YES,null,text
krai_intelligence,feedback,rating,integer,null,YES,null,int4
krai_intelligence,feedback,feedback_type,text,null,YES,null,text
krai_intelligence,feedback,comment,text,null,YES,null,text
krai_intelligence,feedback,created_at,timestamp with time zone,null,YES,now(),timestamptz
krai_intelligence,product_research_cache,id,uuid,null,NO,uuid_generate_v4(),uuid
krai_intelligence,product_research_cache,manufacturer,character varying,100,NO,null,varchar
krai_intelligence,product_research_cache,model_number,character varying,100,NO,null,varchar
krai_intelligence,product_research_cache,series_name,character varying,200,YES,null,varchar
krai_intelligence,product_research_cache,series_description,text,null,YES,null,text
krai_intelligence,product_research_cache,specifications,jsonb,null,YES,'{}'::jsonb,jsonb
krai_intelligence,product_research_cache,physical_specs,jsonb,null,YES,'{}'::jsonb,jsonb
krai_intelligence,product_research_cache,oem_manufacturer,character varying,100,YES,null,varchar
krai_intelligence,product_research_cache,oem_relationship_type,character varying,50,YES,null,varchar
krai_intelligence,product_research_cache,oem_notes,text,null,YES,null,text
krai_intelligence,product_research_cache,launch_date,date,null,YES,null,date
krai_intelligence,product_research_cache,eol_date,date,null,YES,null,date
krai_intelligence,product_research_cache,pricing,jsonb,null,YES,'{}'::jsonb,jsonb
krai_intelligence,product_research_cache,product_type,character varying,100,YES,null,varchar
krai_intelligence,product_research_cache,confidence,double precision,null,YES,0.0,float8
krai_intelligence,product_research_cache,source_urls,ARRAY,null,YES,null,_text
krai_intelligence,product_research_cache,research_date,timestamp with time zone,null,YES,now(),timestamptz
krai_intelligence,product_research_cache,cache_valid_until,timestamp with time zone,null,YES,null,timestamptz
krai_intelligence,product_research_cache,verified,boolean,null,YES,false,bool
krai_intelligence,product_research_cache,verified_by,character varying,100,YES,null,varchar
krai_intelligence,product_research_cache,verified_at,timestamp with time zone,null,YES,null,timestamptz
krai_intelligence,product_research_cache,notes,text,null,YES,null,text
krai_intelligence,product_research_cache,created_at,timestamp with time zone,null,YES,now(),timestamptz
krai_intelligence,product_research_cache,updated_at,timestamp with time zone,null,YES,now(),timestamptz
krai_intelligence,search_analytics,id,uuid,null,NO,uuid_generate_v4(),uuid
krai_intelligence,search_analytics,search_query,text,null,NO,null,text
krai_intelligence,search_analytics,search_type,character varying,50,YES,null,varchar
krai_intelligence,search_analytics,results_count,integer,null,YES,null,int4
krai_intelligence,search_analytics,click_through_rate,numeric,null,YES,null,numeric
krai_intelligence,search_analytics,user_satisfaction_rating,integer,null,YES,null,int4
krai_intelligence,search_analytics,search_duration_ms,integer,null,YES,null,int4
krai_intelligence,search_analytics,result_relevance_scores,jsonb,null,YES,null,jsonb
krai_intelligence,search_analytics,user_session_id,character varying,100,YES,null,varchar
krai_intelligence,search_analytics,user_id,uuid,null,YES,null,uuid
krai_intelligence,search_analytics,manufacturer_filter,uuid,null,YES,null,uuid
krai_intelligence,search_analytics,product_filter,uuid,null,YES,null,uuid
krai_intelligence,search_analytics,document_type_filter,character varying,100,YES,null,varchar
krai_intelligence,search_analytics,language_filter,character varying,10,YES,null,varchar
krai_intelligence,search_analytics,created_at,timestamp with time zone,null,YES,now(),timestamptz
krai_intelligence,session_context,id,uuid,null,NO,uuid_generate_v4(),uuid
krai_intelligence,session_context,session_id,text,null,NO,null,text
krai_intelligence,session_context,context_type,text,null,NO,null,text
krai_intelligence,session_context,context_value,text,null,NO,null,text
krai_intelligence,session_context,confidence,double precision,null,YES,1.0,float8
krai_intelligence,session_context,first_mentioned_at,timestamp with time zone,null,YES,now(),timestamptz
krai_intelligence,session_context,last_used_at,timestamp with time zone,null,YES,now(),timestamptz
krai_intelligence,session_context,use_count,integer,null,YES,1,int4
krai_intelligence,tool_usage,id,uuid,null,NO,uuid_generate_v4(),uuid
krai_intelligence,tool_usage,session_id,text,null,NO,null,text
krai_intelligence,tool_usage,tool_name,text,null,NO,null,text
krai_intelligence,tool_usage,query_params,jsonb,null,YES,null,jsonb
krai_intelligence,tool_usage,results_count,integer,null,YES,null,int4
krai_intelligence,tool_usage,response_time_ms,integer,null,YES,null,int4
krai_intelligence,tool_usage,success,boolean,null,YES,true,bool
krai_intelligence,tool_usage,error_message,text,null,YES,null,text
krai_intelligence,tool_usage,created_at,timestamp with time zone,null,YES,now(),timestamptz
krai_intelligence,user_satisfaction,date,date,null,YES,null,date
krai_intelligence,user_satisfaction,total_feedback,bigint,null,YES,null,int8
krai_intelligence,user_satisfaction,avg_rating,numeric,null,YES,null,numeric
krai_intelligence,user_satisfaction,positive_feedback,bigint,null,YES,null,int8
krai_intelligence,user_satisfaction,negative_feedback,bigint,null,YES,null,int8
krai_intelligence,user_satisfaction,helpful_count,bigint,null,YES,null,int8
krai_intelligence,user_satisfaction,not_helpful_count,bigint,null,YES,null,int8
krai_intelligence,user_satisfaction,incorrect_count,bigint,null,YES,null,int8
krai_ml,model_performance_history,id,uuid,null,NO,uuid_generate_v4(),uuid
krai_ml,model_performance_history,model_id,uuid,null,NO,null,uuid
krai_ml,model_performance_history,accuracy_score,numeric,null,YES,null,numeric
krai_ml,model_performance_history,precision_score,numeric,null,YES,null,numeric
krai_ml,model_performance_history,recall_score,numeric,null,YES,null,numeric
krai_ml,model_performance_history,f1_score,numeric,null,YES,null,numeric
krai_ml,model_performance_history,evaluated_at,timestamp with time zone,null,YES,now(),timestamptz
krai_ml,model_registry,id,uuid,null,NO,uuid_generate_v4(),uuid
krai_ml,model_registry,model_name,character varying,100,NO,null,varchar
krai_ml,model_registry,model_version,character varying,50,NO,null,varchar
krai_ml,model_registry,model_type,character varying,50,NO,null,varchar
krai_ml,model_registry,framework,character varying,50,YES,null,varchar
krai_ml,model_registry,created_at,timestamp with time zone,null,YES,now(),timestamptz
krai_parts,inventory_levels,id,uuid,null,NO,uuid_generate_v4(),uuid
krai_parts,inventory_levels,part_id,uuid,null,NO,null,uuid
krai_parts,inventory_levels,warehouse_location,character varying,100,YES,null,varchar
krai_parts,inventory_levels,current_stock,integer,null,YES,0,int4
krai_parts,inventory_levels,minimum_stock_level,integer,null,YES,0,int4
krai_parts,inventory_levels,maximum_stock_level,integer,null,YES,1000,int4
krai_parts,inventory_levels,last_updated,timestamp with time zone,null,YES,now(),timestamptz
krai_parts,parts_catalog,id,uuid,null,NO,uuid_generate_v4(),uuid
krai_parts,parts_catalog,manufacturer_id,uuid,null,NO,null,uuid
krai_parts,parts_catalog,part_number,character varying,100,NO,null,varchar
krai_parts,parts_catalog,part_name,character varying,255,YES,null,varchar
krai_parts,parts_catalog,part_description,text,null,YES,null,text
krai_parts,parts_catalog,part_category,character varying,100,YES,null,varchar
krai_parts,parts_catalog,unit_price_usd,numeric,null,YES,null,numeric
krai_parts,parts_catalog,created_at,timestamp with time zone,null,YES,now(),timestamptz
krai_service,service_calls,id,uuid,null,NO,uuid_generate_v4(),uuid
krai_service,service_calls,manufacturer_id,uuid,null,NO,null,uuid
krai_service,service_calls,product_id,uuid,null,YES,null,uuid
krai_service,service_calls,assigned_technician_id,uuid,null,YES,null,uuid
krai_service,service_calls,call_status,character varying,50,YES,'open'::character varying,varchar
krai_service,service_calls,priority_level,integer,null,YES,3,int4
krai_service,service_calls,created_at,timestamp with time zone,null,YES,now(),timestamptz
krai_service,service_calls,customer_name,character varying,255,YES,null,varchar
krai_service,service_calls,customer_contact,text,null,YES,null,text
krai_service,service_calls,issue_description,text,null,YES,null,text
krai_service,service_calls,scheduled_date,timestamp with time zone,null,YES,null,timestamptz
krai_service,service_calls,completed_date,timestamp with time zone,null,YES,null,timestamptz
krai_service,service_calls,updated_at,timestamp with time zone,null,YES,now(),timestamptz
krai_service,service_history,id,uuid,null,NO,uuid_generate_v4(),uuid
krai_service,service_history,service_call_id,uuid,null,YES,null,uuid
krai_service,service_history,performed_by,uuid,null,YES,null,uuid
krai_service,service_history,service_date,timestamp with time zone,null,YES,null,timestamptz
krai_service,service_history,service_notes,text,null,YES,null,text
krai_service,service_history,parts_used,jsonb,null,YES,'[]'::jsonb,jsonb
krai_service,service_history,labor_hours,numeric,null,YES,null,numeric
krai_service,service_history,created_at,timestamp with time zone,null,YES,now(),timestamptz
krai_service,service_history,service_type,character varying,50,YES,null,varchar
krai_service,service_history,outcome,character varying,100,YES,null,varchar
krai_service,service_history,updated_at,timestamp with time zone,null,YES,now(),timestamptz
krai_service,technicians,id,uuid,null,NO,uuid_generate_v4(),uuid
krai_service,technicians,user_id,uuid,null,YES,null,uuid
krai_service,technicians,technician_name,character varying,255,NO,null,varchar
krai_service,technicians,employee_id,character varying,50,YES,null,varchar
krai_service,technicians,email,character varying,255,YES,null,varchar
krai_service,technicians,phone,character varying,50,YES,null,varchar
krai_service,technicians,certification_level,character varying,50,YES,null,varchar
krai_service,technicians,specializations,ARRAY,null,YES,null,_text
krai_service,technicians,is_active,boolean,null,YES,true,bool
krai_service,technicians,hired_date,date,null,YES,null,date
krai_service,technicians,created_at,timestamp with time zone,null,YES,now(),timestamptz
krai_service,technicians,updated_at,timestamp with time zone,null,YES,now(),timestamptz
krai_system,audit_log,id,uuid,null,NO,uuid_generate_v4(),uuid
krai_system,audit_log,table_name,character varying,100,NO,null,varchar
krai_system,audit_log,record_id,uuid,null,NO,null,uuid
krai_system,audit_log,operation,character varying,10,NO,null,varchar
krai_system,audit_log,old_values,jsonb,null,YES,null,jsonb
krai_system,audit_log,new_values,jsonb,null,YES,null,jsonb
krai_system,audit_log,changed_by,character varying,100,YES,null,varchar
krai_system,audit_log,changed_at,timestamp with time zone,null,YES,now(),timestamptz
krai_system,audit_log,session_id,character varying,100,YES,null,varchar
krai_system,audit_log,ip_address,inet,null,YES,null,inet
krai_system,audit_log,user_agent,text,null,YES,null,text
krai_system,health_checks,id,uuid,null,NO,uuid_generate_v4(),uuid
krai_system,health_checks,service_name,character varying,100,NO,null,varchar
krai_system,health_checks,check_type,character varying,50,NO,null,varchar
krai_system,health_checks,status,character varying,20,NO,null,varchar
krai_system,health_checks,response_time_ms,integer,null,YES,null,int4
krai_system,health_checks,error_message,text,null,YES,null,text
krai_system,health_checks,details,jsonb,null,YES,'{}'::jsonb,jsonb
krai_system,health_checks,checked_at,timestamp with time zone,null,YES,now(),timestamptz
krai_system,processing_queue,id,uuid,null,NO,uuid_generate_v4(),uuid
krai_system,processing_queue,document_id,uuid,null,YES,null,uuid
krai_system,processing_queue,chunk_id,uuid,null,YES,null,uuid
krai_system,processing_queue,image_id,uuid,null,YES,null,uuid
krai_system,processing_queue,video_id,uuid,null,YES,null,uuid
krai_system,processing_queue,task_type,character varying,50,NO,null,varchar
krai_system,processing_queue,priority,integer,null,YES,5,int4
krai_system,processing_queue,status,character varying,20,YES,'pending'::character varying,varchar
krai_system,processing_queue,scheduled_at,timestamp with time zone,null,YES,now(),timestamptz
krai_system,processing_queue,started_at,timestamp with time zone,null,YES,null,timestamptz
krai_system,processing_queue,completed_at,timestamp with time zone,null,YES,null,timestamptz
krai_system,processing_queue,error_message,text,null,YES,null,text
krai_system,processing_queue,retry_count,integer,null,YES,0,int4
krai_system,processing_queue,max_retries,integer,null,YES,3,int4
krai_system,processing_queue,created_at,timestamp with time zone,null,YES,now(),timestamptz
krai_system,stage_tracking,id,uuid,null,NO,uuid_generate_v4(),uuid
krai_system,stage_tracking,document_id,uuid,null,YES,null,uuid
krai_system,stage_tracking,stage_name,character varying,100,NO,null,varchar
krai_system,stage_tracking,status,character varying,50,NO,null,varchar
krai_system,stage_tracking,started_at,timestamp with time zone,null,YES,now(),timestamptz
krai_system,stage_tracking,completed_at,timestamp with time zone,null,YES,null,timestamptz
krai_system,stage_tracking,error_message,text,null,YES,null,text
krai_system,stage_tracking,metadata,jsonb,null,YES,'{}'::jsonb,jsonb
krai_system,stage_tracking,created_at,timestamp with time zone,null,YES,now(),timestamptz
krai_system,stage_tracking,updated_at,timestamp with time zone,null,YES,now(),timestamptz
krai_system,system_metrics,id,uuid,null,NO,uuid_generate_v4(),uuid
krai_system,system_metrics,metric_name,character varying,100,NO,null,varchar
krai_system,system_metrics,metric_value,numeric,null,YES,null,numeric
krai_system,system_metrics,metric_unit,character varying,20,YES,null,varchar
krai_system,system_metrics,metric_category,character varying,50,YES,null,varchar
krai_system,system_metrics,collection_timestamp,timestamp with time zone,null,YES,now(),timestamptz
krai_system,system_metrics,server_instance,character varying,100,YES,null,varchar
krai_system,system_metrics,additional_context,jsonb,null,YES,'{}'::jsonb,jsonb
krai_users,user_sessions,id,uuid,null,NO,uuid_generate_v4(),uuid
krai_users,user_sessions,user_id,uuid,null,NO,null,uuid
krai_users,user_sessions,session_token,character varying,255,NO,null,varchar
krai_users,user_sessions,expires_at,timestamp with time zone,null,NO,null,timestamptz
krai_users,user_sessions,created_at,timestamp with time zone,null,YES,now(),timestamptz
krai_users,users,id,uuid,null,NO,uuid_generate_v4(),uuid
krai_users,users,preferred_manufacturer_id,uuid,null,YES,null,uuid
krai_users,users,username,character varying,100,NO,null,varchar
krai_users,users,email,character varying,255,NO,null,varchar
krai_users,users,role,character varying,50,YES,'user'::character varying,varchar
krai_users,users,created_at,timestamp with time zone,null,YES,now(),timestamptz